"cost","total","average"
"overall",150.949180730264,6.28954919709433
"holding",43.7141175371311,1.82142156404713
"backorder",107.235063193133,4.4681276330472
