"cost","total","average"
"overall",476.314838646294,19.8464516102622
"holding",418.264838646294,17.4277016102623
"backorder",58.05,2.41875
